9750157,10504764,10704385,10932242,9862193,10209008,1189,5292598,
9751547,10502253,10701727,10932983,9861634,10211723,1195,5292593,
9751348,10505385,10700885,10932534,9860949,10211947,1195,5292592,
9749213,10506920,10700673,10932892,9861534,10214030,1203,5292600,
9749514,10507494,10700010,10934145,9859689,10211941,1206,5292595,
9748520,10507120,10700863,10934146,9860606,10212522,1200,5292605,
9748363,10507620,10700730,10934609,9862731,10210777,1198,5292600,
9749122,10505339,10700925,10933705,9861846,10211124,1195,5292595,
9751530,10507229,10701994,10931332,9862282,10211596,1192,5292603,
9751044,10506156,10702800,10931584,9863202,10211225,1191,5292605,
9751120,10503541,10702482,10932230,9862591,10210260,1189,5292608,
9750635,10505317,10701639,10932380,9862881,10212753,1194,5292614,
9750114,10505982,10701294,10931998,9862221,10212640,1200,5292595,
9750588,10506725,10700630,10932209,9861029,10213720,1207,5292585,
9748725,10506882,10698895,10934731,9860586,10212846,1203,5292585,
9750018,10507025,10700535,10933581,9862179,10212975,1205,5292593,
9749795,10507010,10700090,10933284,9861808,10212576,1201,5292581,
9749770,10505658,10701471,10933223,9861128,10211953,1196,5292597,
9749943,10504470,10702249,10933005,9863256,10212590,1191,5292597,
9751224,10504487,10703040,10931306,9863283,10212175,1190,5292594,
9750418,10504404,10702416,10931518,9862023,10210229,1192,5292592,
9751297,10505750,10701477,10930753,9863013,10210248,1195,5292597,
9751088,10504505,10700573,10933307,9862264,10212241,1198,5292595,
9749544,10505674,10700882,10934051,9861488,10213178,1196,5292588,
9750317,10508170,10700563,10933520,9861581,10213678,1203,5292593,
9749391,10506372,10700911,10934391,9862367,10212540,1199,5292586,
9749597,10505884,10700601,10935550,9861705,10212458,1202,5292599,
9750204,10505528,10699806,10934416,9861408,10212111,1198,5292594,
9750634,10506793,10702669,10933043,9862791,10211180,1195,5292590,
9749759,10505820,10703707,10932380,9862732,10209987,1192,5292599,
9750317,10505643,10701682,10931452,9862993,10209479,1189,5292592,
9749923,10504593,10702285,10932486,9862923,10210283,1196,5292603,
9750709,10506142,10701212,10932908,9861449,10209612,1192,5292595,
9751018,10505897,10700700,10932870,9862587,10211071,1198,5292606,
9748262,10508250,10701908,10932202,9860826,10212614,1202,5292588,
9750591,10507413,10699340,10934074,9860156,10212528,1208,5292603,
9748001,10507516,10699970,10934509,9861541,10211734,1198,5292599,
9748560,10506861,10700657,10932666,9860754,10209668,1201,5292598,
9750365,10505546,10701401,10933357,9862247,10210977,1196,5292590,
9750251,10506213,10702018,10930872,9863083,10209761,1194,5292581,
9750293,10504988,10703410,10930490,9862795,10210626,1190,5292594,
9750260,10505206,10704149,10932901,9861923,10211931,1192,5292611,
9750006,10505605,10701773,10932774,9862735,10209974,1195,5292605,
9749072,10507383,10702766,10933015,9860623,10210654,1200,5292596,
9749611,10505986,10699377,10933162,9860498,10213292,1199,5292600,
9750701,10507729,10700016,10933910,9860839,10212427,1202,5292584,
9747960,10507780,10700196,10933259,9860956,10213425,1197,5292595,
9749702,10507562,10701412,10932765,9861920,10211922,1200,5292591,
9749692,10505759,10701251,10934510,9861989,10211563,1198,5292592,
9750793,10504762,10702198,10932217,9861482,10210630,1194,5292583,
9751488,10504185,10703269,10931601,9862769,10210272,1194,5292603,
9751232,10506082,10702294,10932642,9862233,10211301,1190,5292596,
9750717,10505597,10704033,10933415,9862754,10211480,1193,5292611,
9750116,10506486,10700355,10932547,9862397,10211984,1198,5292596,
9749200,10507771,10701945,10934405,9861777,10212356,1202,5292602,
9748866,10505934,10699918,10934406,9861630,10213061,1203,5292610,
9748665,10506093,10699351,10934000,9860579,10213062,1202,5292605,
9748697,10506255,10700259,10934910,9863059,10212188,1203,5292606,
9749792,10505241,10699305,10932488,9863423,10211515,1194,5292594,
9750797,10504550,10703071,10932109,9862802,10211324,1189,5292592,
9751101,10505175,10702528,10932436,9861203,10211527,1191,5292613,
9751262,10504978,10702735,10930079,9864464,10209390,1191,5292608,
9750984,10505627,10702726,10932916,9864025,10211182,1192,5292593,
9751307,10507002,10700945,10933247,9862693,10211452,1197,5292594,
9750674,10507524,10700777,10933208,9861624,10213331,1200,5292592,
9748705,10507324,10701085,10933452,9859839,10212858,1202,5292601,
9749928,10505375,10700532,10934372,9862114,10211737,1198,5292611,
9749825,10507943,10700438,10934645,9861451,10212004,1204,5292611,
9751105,10505608,10700746,10932647,9862229,10210314,1195,5292600,
9750100,10505586,10702989,10932361,9863065,10209743,1191,5292604,
9749970,10503551,10701794,10932933,9862197,10210111,1187,5292595,
